ID,Mutation,Coding,S or NS,Ts or Tv,Fitness mean,Percentile Rank
M_5,A1009G,A1009G,non-synonymous,Ts,0,0
NP_11,A1160T,A1160T,non-synonymous,Tv,0.7714175,0.511627907
NP_12,A1229T,A1229T,non-synonymous,Tv,0.990426898,0.860465116
NP_5,G436T,A131S,non-synonymous,Tv,0.764836538,0.503875969
NP_10,A1505G,A1505G,non-synonymous,Ts,0,0
PA_1,C500T,A159V,non-synonymous,Ts,0.849057055,0.581395349
PA_11,G529C,A169P,non-synonymous,Tv,0,0
NP_9,A425G,A425G,non-synonymous,Ts,1.006307897,0.906976744
NP_8,A454C,A454C,non-synonymous,Tv,0.6023597,0.403100775
PA_4,C1682A,A553D,non-synonymous,Tv,0,0
NA_26,C454T,C145C,synonymous,Ts,1.078003,0.96124031
M_7,C174G,C174G,non-synonymous,Tv,0.4022561,0.356589147
NA_31,T668A,C217S,non-synonymous,Tv,0,0
HA_25,T915C,C295R,non-synonymous,Ts,0,0
PB2_3,T1251C ,C409R,non-synonymous,Ts,0.893619575,0.674418605
NP_7,C485T,C485T,non-synonymous,Ts,1.0015209,0.891472868
M_2,T861G,C50G,non-synonymous,Tv,0.741769726,0.496124031
NA_10,C700T,C700T,non-synonymous,Ts,0.83797916,0.573643411
NA_13,G422A,D135N,non-synonymous,Ts,0,0
NP_3,C1485A,D480E,non-synonymous,Tv,0.9915124,0.868217054
HA_40,T1583G,D517E,non-synonymous,Tv,1.001253054,0.88372093
NP_1,T198G,D51E,non-synonymous,Tv,0.8767114,0.643410853
PB1_6,A251C,D76A,non-synonymous,Tv,0.4456941,0.364341085
NS_4,G650C,E208D,non-synonymous,Tv,0.7801884,0.527131783
NS_5,G648T,E208stop,non-synonymous,Tv,0.924072209,0.728682171
PA_10,A92G,E23G,non-synonymous,Ts,0.5788492,0.395348837
HA_22,A784G,E251G,non-synonymous,Ts,0.94235616,0.782945736
PB1_7,G1581T,E519D,non-synonymous,Tv,0,0
PB1_8,A2277C,E751D,non-synonymous,Tv,0.654291599,0.434108527
M_3,G936T,E75stop,non-synonymous,Tv,0,0
PA_12,A263T,E80V,non-synonymous,Tv,0,0
NA_24,T334G,F105L,non-synonymous,Tv,0,0
PB1_2,C522T,F166F,synonymous,Ts,1.098233,0.976744186
PA_13,T964G,F314V,non-synonymous,Tv,0.3591265,0.341085271
NA_16,T1130G,F371V,non-synonymous,Tv,0.889371427,0.658914729
NS_1,T51A,F9I,non-synonymous,Tv,0.862296,0.604651163
NA_7,G1313T,G1313T,non-synonymous,Tv,0,0
NA_9,G1355A,G1355A,non-synonymous,Ts,0.7135357,0.449612403
NA_3,G752C,G245R,non-synonymous,Tv,0.5424748,0.387596899
NA_14,G98A,G27R,non-synonymous,Ts,0.7331025,0.472868217
HA_16,G1153A,G374E,non-synonymous,Ts,0,0
NA_22,G158A,G47R,non-synonymous,Ts,0.936370362,0.775193798
M_6,G551A,G551A,non-synonymous,Ts,0,0
NA_17,G201C,G61A,non-synonymous,Tv,1.003218162,0.899224806
NA_4,G201C,G61A,non-synonymous,Tv,0.9778512,0.837209302
NA_6,G968T,G968T,non-synonymous,Tv,0,0
PB2_4,C880T,H285Y,non-synonymous,Ts,0.9588079,0.821705426
HA_32,C1137A,H369N,non-synonymous,Tv,0,0
HA_12,T799G,I256R,non-synonymous,Tv,0,0
NA_30,C109A,I30I,non-synonymous,Tv,1.03882,0.945736434
HA_43,A1050C,I340L,non-synonymous,Tv,0.8681996,0.612403101
NP_6,A151T,I36F,non-synonymous,Tv,0,0
HA_18,C1229G,I399M,non-synonymous,Tv,0.8513736,0.596899225
PA_15,T1685C,I554T,non-synonymous,Ts,0.888012393,0.651162791
PB2_13,A2113C,I696L,non-synonymous,Tv,0.7285837,0.465116279
PB2_9,T2255C,I743T,non-synonymous,Ts,0,0
HA_36,G542T,K170N,non-synonymous,Tv,1.006904176,0.914728682
PA_8,A88G,K22E,non-synonymous,Ts,0.8129986,0.550387597
PB1_15,A728T,K235M,non-synonymous,Tv,0,0
NA_20,A909C,K297T,non-synonymous,Tv,1.085763842,0.968992248
NA_29,A1026T,K336M,non-synonymous,Tv,0.3948751,0.348837209
PA_2,G1041C,K339N,non-synonymous,Tv,0.9048715,0.713178295
HA_31,A1264C,K411T,non-synonymous,Tv,0.6469341,0.426356589
PB1_12,A1322C,K433T,non-synonymous,Tv,0.477179625,0.372093023
HA_13,C368A,L112L,synonymous,Tv,0.934477891,0.759689922
M_4,A541C,L172L,synonymous,Tv,0.932846637,0.751937984
HA_26,C822T,L264L,synonymous,Ts,0.9973337,0.875968992
PB1_9,T1232G,L403W,non-synonymous,Tv,0,0
PB1_16,T1268G,L415stop,non-synonymous,Tv,0,0
HA_39,T1299C,L423L,synonymous,Ts,1.13453828,1
HA_46,C231G,L67V,non-synonymous,Tv,0.7127818,0.441860465
PA_9,T237A,L71L,synonymous,Tv,1.111260392,0.984496124
PA_6,G240A,L72L,synonymous,Ts,0.1667109,0.310077519
HA_11,T55G,L8R,non-synonymous,Tv,0,0
NP_2,T521C,M159T,non-synonymous,Ts,0,0
M_1,G661C,M212I,non-synonymous,Tv,0.483298847,0.379844961
PA_3,T878G,M285R,non-synonymous,Tv,0.617277,0.410852713
HA_33,G1292A,M420I,non-synonymous,Ts,1.119816,0.992248062
HA_21,A334T,N101I,non-synonymous,Tv,0.9738416,0.829457364
PB1_1,C549T,N175N,synonymous,Ts,1.01105397,0.92248062
HA_38,A699T,N223Y,non-synonymous,Tv,1.02851808,0.930232558
HA_41,A939T,N303Y,non-synonymous,Tv,0.7978431,0.534883721
HA_5,A1143T,N371Y,non-synonymous,Tv,0,0
HA_24,A1345C,N438T,non-synonymous,Tv,0,0
HA_3,T1466A,N478K,non-synonymous,Tv,0.643733526,0.418604651
NA_28,T1400C,non-coding region,non-coding region,Ts,0,0
PB2_1,T2305C,non-coding region,non-coding region,Ts,0,0
HA_8,A1749C,non-coding region,non-coding region,Tv,0,0
PB2_14,C532A,P169T,non-synonymous,Tv,0.807448618,0.542635659
PA_14,C1324A,P434T,non-synonymous,Tv,0,0
PB2_16,T306A,P93P,synonymous,Tv,0.89799655,0.689922481
NS_3,A809G,Q104R,non-synonymous,Ts,0.905098957,0.720930233
PB2_12,A440T,Q138L,non-synonymous,Tv,0.776699734,0.519379845
PB1_10,A581C,Q186P,non-synonymous,Tv,0.304777083,0.325581395
PB1_14,C1123T,Q367stop,non-synonymous,Ts,0,0
HA_27,A1174T,Q381L,non-synonymous,Tv,0.9274652,0.736434109
PB1_5,G599A,R192K,non-synonymous,Ts,0.989327069,0.852713178
PB2_11,A1167T,R380S,non-synonymous,Tv,0.935591279,0.76744186
NA_19,G1168T,R383R,synonymous,Tv,0.9278281,0.744186047
PB2_5,T1527A,R500R,synonymous,Tv,0.895644348,0.682170543
NS_2,G227T,R67R,synonymous,Tv,0.8504629,0.589147287
PB1_11,A2187T,R721S,non-synonymous,Tv,0.3418761,0.333333333
HA_37,T408A,S126T,non-synonymous,Tv,0.953179219,0.80620155
NA_25,A449C,S144R,non-synonymous,Tv,0,0
HA_30,A648C,S206R,non-synonymous,Tv,0.717844848,0.457364341
HA_45,G1006T,S325I,non-synonymous,Tv,0.8274932,0.565891473
NA_5,T1070G,S351A,non-synonymous,Tv,0.9026037,0.697674419
NP_4,C1194A,S383R,non-synonymous,Tv,0,0
PB1_13,T1288A,S422T,non-synonymous,Tv,0.949151974,0.798449612
PB2_10,A1495C,S490R,non-synonymous,Tv,0,0
HA_42,A1512G,S494G,non-synonymous,Ts,0.870894503,0.627906977
HA_10,T1599A,S523T,non-synonymous,Tv,0.876634221,0.635658915
NA_21,A176C,S53R,non-synonymous,Tv,0.903413,0.705426357
HA_20,C1696A,S555Y,non-synonymous,Tv,0.7332625,0.480620155
PB2_8,C839A,T271K,non-synonymous,Tv,0.955277,0.813953488
NA_1,T1162C,T381T,synonymous,Ts,0.982176906,0.84496124
M_8,T506C,T506C,non-synonymous,Ts,0,0
PB2_15,A1854G,T609T,synonymous,Ts,1.031383,0.937984496
NA_8,T693C,T693C,non-synonymous,Ts,0,0
NA_18,G1040C,V341L,non-synonymous,Tv,0.738596741,0.488372093
PB2_2,T1559G,V511G,non-synonymous,Tv,0,0
HA_15,G1587C,V519L,non-synonymous,Tv,1.061915202,0.953488372
PB2_7,G1660C,V545L,non-synonymous,Tv,0.942573423,0.790697674
PA_16,T2123C,V700A,non-synonymous,Ts,0.8917044,0.666666667
NA_2,T1340G,W441G,non-synonymous,Tv,0,0
PA_5,G1634C,W537S,non-synonymous,Tv,0,0
PB1_4,G1764T,W580C,non-synonymous,Tv,0.26163984,0.317829457
PB1_3,T675A,Y217stop,non-synonymous,Tv,0,0
HA_1,A1057T,Y342F,non-synonymous,Tv,0.8695552,0.620155039
PA_7,A1358T,Y445F,non-synonymous,Tv,0.8220049,0.558139535
