Segment,Mutation,Amino Acid Change,Fitness Mean,Fitness SD,Dataset,Clone ID,,,,
1 (PB2),U306A,P93 (SYN),0.90,0.13,Genomewide,PB2-16,,,,
,A440U,Q138L,0.78,0.18,Genomewide,PB2-12,,,,
,C532A,P169T,0.81,0.04,Genomewide,PB2-14,,,,
,C880U,H285Y,0.96,0.07,Genomewide,PB2-4,,,,
,A1167U,R380S,0.94,0.06,Genomewide,PB2-11,,,,
,U1251C ,D408 (SYN),0.89,0.05,Genomewide,PB2-3,,,,
,A1495C,S490R,0.96,0.18,Genomewide,PB2-8,,,,
,U1527A,R500 (SYN),0.90,0.04,Genomewide,PB2-5,,,,
,G1660C,V545L,0.94,0.04,Genomewide,PB2-7,,,,
,A1854G,T609 (SYN),1.03,0.05,Genomewide,PB2-15,,,,
,A2113C,I696L,0.73,0.14,Genomewide,PB2-13,,,,
,,,,,,,,,,
2 (PB1),A251C,"PB1 D76A, PB1-F2 T45P",0.45,0.01*,Genomewide,PB1-6,,,,
,C522U,F166 (SYN),1.10,0.15,Genomewide,PB1-2,,,,
,C549U,N175 (SYN),1.01,0.24,Genomewide,PB1-1,,,,
,A581C,Q186P,0.30,0.01,Genomewide,PB1-10,,,,
,G599A,R192K,0.99,0.09,Genomewide,PB1-5,,,,
,U1288A,S422T,0.95,0.03,Genomewide,PB1-13,,,,
,A1322C,K433T,0.48,0.10,Genomewide,PB1-12,,,,
,G1764U,W580C,0.26,0.00,Genomewide,PB1-4,,,,
,A2187U,R721S,0.34,0.09,Genomewide,PB1-11,,,,
,A2277C,E751D,0.65,0.09,Genomewide,PB1-8,,,,
,,,,,,,,,,
3 (PA),A88G,K22E,0.81,0.12,Genomewide,PA-8,,,,
,A92G,E23G,0.58,0.05,Genomewide,PA-10,,,,
,U237A,L71 (SYN),1.11,0.13,Genomewide,PA-9,,,,
,G240A,L72 (SYN),0.17,0.07,Genomewide,PA-6,,,,
,C500U,A159V,0.85,0.11,Genomewide,PA-1,,,,
,U878G,M285R,0.62,0.14,Genomewide,PA-3,,,,
,U964G,F314V,0.36,0.13,Genomewide,PA-13,,,,
,G1041C,K339N,0.90,0.04,Genomewide,PA-2,,,,
,A1358U,Y445F,0.82,0.15,Genomewide,PA-7,,,,
,U1685C,I554T,0.89,0.08,Genomewide,PA-15,,,,
,U2123C,V700A,0.89,0.10,Genomewide,PA-16,,,,
,,,,,,,,,,
4 (HA),C231G,L67V,0.71,0.03,HA/NA,HA-46,,,,
,A334U,N101I,0.97,0.06,Genomewide,HA-21,,,,
,C368A,L112 (SYN),0.93,0.08,Genomewide,HA-13,,,,
,U408A,S126T,0.95,0.16,HA/NA,HA-37,,,,
,G542U,K170N,1.01,0.12,HA/NA,HA-36,,,,
,A648C,S206R,0.72,0.14,HA/NA,HA-30,,,,
,A699U,N223Y,1.03,0.10,HA/NA,HA-38,,,,
,A784G,E251G,0.94,0.04,Genomewide,HA-22,,,,
,C822U,L264 (SYN),1.00,0.06,HA/NA,HA-26,,,,
,A939U,N303Y,0.80,0.13,HA/NA,HA-41,,,,
,G1006U,S325I,0.83,0.08,HA/NA,HA-45,,,,
,A1050C,I340L,0.87,0.08,HA/NA,HA-43,,,,
,A1057U,Y342F,0.87,0.19,Genomewide,HA-1,,,,
,A1174U,Q381L,0.93,0.06,HA/NA,HA-27,,,,
,C1229G,I399M,0.85,0.10,Genomewide,HA-18,,,,
,A1264C,K411T,0.65,0.20,HA/NA,HA-31,,,,
,G1292A,M420I,1.12,0.07,HA/NA,HA-33,,,,
,U1299C,L423 (SYN),1.13,0.27,HA/NA,HA-39,,,,
,U1466A,N478K,0.64,0.14,Genomewide,HA-3,,,,
,A1512G,S494G,0.87,0.04,HA/NA,HA-42,,,,
,U1583G,D517E,1.00,0.02,HA/NA,HA-40,,,,
,G1587C,V519L,1.06,0.24,Genomewide,HA-15,,,,
,U1599A,S523T,0.88,0.13,Genomewide,HA-10,,,,
,C1696A,S555Y,0.73,0.01,Genomewide,HA-20,,,,
,A1749C,noncoding,ND,ND,Genomewide,HA-8,,,,
,,,,,,,,,,
5 (NP),U198G,D51E,0.88,0.06,Genomewide,NP-1,,,,
,A425G,D127G,1.01,0.07,Genomewide,NP-9,,,,
,G436U,A131S,0.76,0.11,Genomewide,NP-5,,,,
,A454C,M137L,0.60,0.05,Genomewide,NP-8,,,,
,C485U,T147I,1.00,0.28,Genomewide,NP-7,,,,
,A1160U,E372V,0.77,0.10,Genomewide,NP-11,,,,
,A1229U,N395I,0.99,0.09,Genomewide,NP-12,,,,
,C1485A,D480E,0.99,0.04,Genomewide,NP-3,,,,
,,,,,,,,,,
6 (NA),G98A,G27R,0.73,0.03,HA/NA,NA-14,,,,
,C109A,I30 (SYN),1.04,0.24,HA/NA,NA-30,,,,
,G158A,G47R,0.94,0.20,HA/NA,NA-22,,,,
,A176C,S53R,0.90,0.11,HA/NA,NA-21,,,,
,G201C,G61A,0.98,0.03,Genomewide,NA-4,,,,
,C454U,C145 (SYN),1.08,0.11,HA/NA,NA-26,,,,
,C700U,T227 (SYN),0.84,0.04,Genomewide,NA-10,,,,
,G758C,V247L,0.54,0.06,Genomewide,NA-3,,,,
,A909C,K297T,1.09,0.14,HA/NA,NA-20,,,,
,A1026U,K336M,0.39,0.08,HA/NA,NA-29,,,,
,G1040C,V341L,0.74,0.09,HA/NA,NA-18,,,,
,U1070G,S351A,0.90,0.19,Genomewide,NA-5,,,,
,U1130G,F371V,0.89,0.22,HA/NA,NA-16,,,,
,U1162C,T381 (SYN),0.98,0.01,Genomewide,NA-1,,,,
,G1168U,R383 (SYN),0.93,0.05,HA/NA,NA-19,,,,
,G1355A,E446K,0.71,0.06,Genomewide,NA-9,,,,
,,,,,,,,,,
7 (M),C174G,M1 P50R,0.40,0.11,Genomewide,M-7,,,,
,A541C,M1 L172 (SYN),0.93,0.09,Genomewide,M-4,,,,
,G661C,M1 M212I,0.48,0.01,Genomewide,M-1,,,,
,U861G,M2 C50G,0.74,0.07,Genomewide,M-2,,,,
,,,,,,,,,,
8 (NS),U51A,"NS1 F9I, NEP F9I",0.86,0.05,Genomewide,NS-1,,,,
,G227U,NS1 R67 (SYN),0.85,0.13,Genomewide,NS-2,,,,
,G648U,"NS1 E208stop, NEP M50I",0.92,0.04,Genomewide,NS-5,,,,
,G650C,"NS1 E208D, NEP R51T",0.78,0.04,Genomewide,NS-4,,,,
,A809G,NEP Q104R,0.91,0.06,Genomewide,NS-3,,,,
,,,,,,,,,,
"ND, no data",,,,,,,,,,
* range of 2 replicates,,,,,,,,,,
,,,,,,,,,,
,,,,,,,,,,
,,,,,,,,,,
,,,,,,,,,,
,,,,,,,,,,
,,,,,,,,,,
,,,,,,,,,,
,,,,,,,,,,
,,,,,,,,,,
,,,,,,,,,,
,,,,,,,,,,
,,,,,,,,,,
,,,,,,,,,,
,,,,,,,,,,
,,,,,,,,,,
,,,,,,,,,,
,,,,,,,,,,
,,,,,,,,,,
,,,,,,,,,,
,,,,,,,,,,
,,,,,,,,,,
,,,,,,,,,,
,,,,,,,,,,
,,,,,,,,,,
,,,,,,,,,,
,,,,,,,,,,
,,,,,,,,,,
,,,,,,,,,,
,,,,,,,,,,
,,,,,,,,,,
,,,,,,,,,,
,,,,,,,,,,
,,,,,,,,,,
,,,,,,,,,,
,,,,,,,,,,
,,,,,,,,,,
,,,,,,,,,,
,,,,,,,,,,
,,,,,,,,,,
,,,,,,,,,,
,,,,,,,,,,
,,,,,,,,,,
,,,,,,,,,,
,,,,,,,,,,
,,,,,,,,,,
,,,,,,,,,,
,,,,,,,,,,
,,,,,,,,,,
,,,,,,,,,,
,,,,,,,,,,
,,,,,,,,,,
,,,,,,,,,,
,,,,,,,,,,
,,,,,,,,,,
,,,,,,,,,,
,,,,,,,,,,
,,,,,,,,,,
,,,,,,,,,,
,,,,,,,,,,
,,,,,,,,,,
,,,,,,,,,,
,,,,,,,,,,
,,,,,,,,,,
,,,,,,,,,,
,,,,,,,,,,
,,,,,,,,,,
,,,,,,,,,,
,,,,,,,,,,
,,,,,,,,,,
,,,,,,,,,,
,,,,,,,,,,
,,,,,,,,,,
,,,,,,,,,,
,,,,,,,,,,
,,,,,,,,,,
,,,,,,,,,,
,,,,,,,,,,
,,,,,,,,,,
,,,,,,,,,,
,,,,,,,,,,
,,,,,,,,,,
,,,,,,,,,,
,,,,,,,,,,
,,,,,,,,,,
,,,,,,,,,,
,,,,,,,,,,
,,,,,,,,,,
,,,,,,,,,,
,,,,,,,,,,
,,,,,,,,,,
,,,,,,,,,,
,,,,,,,,,,
,,,,,,,,,,
,,,,,,,,,,
,,,,,,,,,,
,,,,,,,,,,
,,,,,,,,,,
,,,,,,,,,,
,,,,,,,,,,
,,,,,,,,,,
,,,,,,,,,,
,,,,,,,,,,
,,,,,,,,,,
,,,,,,,,,,
,,,,,,,,,,
,,,,,,,,,,
,,,,,,,,,,
,,,,,,,,,,
,,,,,,,,,,
,,,,,,,,,,
,,,,,,,,,,
,,,,,,,,,,
,,,,,,,,,,
,,,,,,,,,,
,,,,,,,,,,
,,,,,,,,,,
,,,,,,,,,,
,,,,,,,,,,
,,,,,,,,,,
,,,,,,,,,,
,,,,,,,,,,
,,,,,,,,,,
,,,,,,,,,,
,,,,,,,,,,
,,,,,,,,,,
,,,,,,,,,,
,,,,,,,,,,
,,,,,,,,,,
,,,,,,,,,,
,,,,,,,,,,
,,,,,,,,,,
,,,,,,,,,,
,,,,,,,,,,
,,,,,,,,,,
,,,,,,,,,,
,,,,,,,,,,
,,,,,,,,,,
,,,,,,,,,,
,,,,,,,,,,
,,,,,,,,,,
,,,,,,,,,,
,,,,,,,,,,
,,,,,,,,,,
,,,,,,,,,,
,,,,,,,,,,
,,,,,,,,,,
